prices,market_caps,total_volumes,date,year
2.9367,0.0,82413981.29681122,2020-08-19 00:00:00,2020
2.9367,0.0,82413981.29681122,2020-08-20 00:00:00,2020
2.8988,0.0,49511744.88463916,2020-08-21 00:00:00,2020
2.8719,0.0,51233752.827103466,2020-08-22 00:00:00,2020
4.4814,4028277492.3881054,473920951.2911821,2020-08-23 00:00:00,2020
3.9661,3630430965.6868463,335685225.4482104,2020-08-24 00:00:00,2020
4.5769,4162344881.7015166,395502571.8989607,2020-08-25 00:00:00,2020
5.4939,4910960800.05402,729611892.217292,2020-08-26 00:00:00,2020
6.0677,5508438431.636099,853376793.3117362,2020-08-27 00:00:00,2020
5.6385000000000005,5147685413.841153,995432623.197182,2020-08-28 00:00:00,2020
6.1623,5563188700.133332,584978197.1298553,2020-08-29 00:00:00,2020
6.1485,5580674883.763024,407313299.8601509,2020-08-30 00:00:00,2020
5.9018,5350103716.769489,366896197.48982257,2020-08-31 00:00:00,2020
6.2988,5712939724.608923,430398059.7192618,2020-09-01 00:00:00,2020
6.2296,5693335995.934683,472601408.55368245,2020-09-02 00:00:00,2020
6.1589,5597505846.232816,485766767.0734896,2020-09-03 00:00:00,2020
5.6834,5294708814.664548,630783985.0451007,2020-09-04 00:00:00,2020
5.134,4675680671.656081,676657581.6459368,2020-09-05 00:00:00,2020
4.1302,3750820473.971468,595268790.8541288,2020-09-06 00:00:00,2020
4.7896,4394131227.7377405,511543436.75403696,2020-09-07 00:00:00,2020
4.5949,4190737575.784357,365705934.9831117,2020-09-08 00:00:00,2020
4.2825,3891004373.7933345,234920666.902606,2020-09-09 00:00:00,2020
4.7031,4298181268.775718,274399152.6284701,2020-09-10 00:00:00,2020
4.5778,4177237545.060083,254092704.72602594,2020-09-11 00:00:00,2020
4.6259,4216287873.46031,212155209.23847777,2020-09-12 00:00:00,2020
5.1393,4663414090.094169,317307477.3197743,2020-09-13 00:00:00,2020
5.2948,4819470920.9595585,413410119.80475265,2020-09-14 00:00:00,2020
5.3392,4874640596.625649,368584203.1748962,2020-09-15 00:00:00,2020
5.1138,4673343463.456086,301361216.948819,2020-09-16 00:00:00,2020
5.0753,4634502327.79378,272070780.6235744,2020-09-17 00:00:00,2020
5.3234,4871310608.622429,299530704.44409996,2020-09-18 00:00:00,2020
5.2421,4771593286.01857,218845784.12899387,2020-09-19 00:00:00,2020
4.9244,4511663057.978728,180793689.67015743,2020-09-20 00:00:00,2020
4.6735,4287331139.3953447,277405320.53644466,2020-09-21 00:00:00,2020
4.0897,3770969365.206551,376122862.04748017,2020-09-22 00:00:00,2020
4.1684,3807699809.7726593,207312314.25066918,2020-09-23 00:00:00,2020
4.016,3701917991.0629163,208272484.1319433,2020-09-24 00:00:00,2020
4.3897,4024415210.879658,212165515.13304597,2020-09-25 00:00:00,2020
4.4129000000000005,4036996777.5289283,176573807.95552978,2020-09-26 00:00:00,2020
4.3403,3981431937.9363737,124028159.47280042,2020-09-27 00:00:00,2020
4.3065,3966805487.8693743,123873259.31149642,2020-09-28 00:00:00,2020
4.42,4015168631.8723865,192688341.9893024,2020-09-29 00:00:00,2020
4.4915,4123709369.6045084,200465046.6652287,2020-09-30 00:00:00,2020
4.3472,3998481295.7904816,131549097.16661954,2020-10-01 00:00:00,2020
4.3386,3982054342.146103,185800897.37967393,2020-10-02 00:00:00,2020
4.1226,3786983100.945344,205627933.56633562,2020-10-03 00:00:00,2020
4.0669,3739978579.4404645,104601491.58937459,2020-10-04 00:00:00,2020
4.1768,3849818336.1017737,89731299.09326749,2020-10-05 00:00:00,2020
4.1602,3833319535.2399874,132019868.42462733,2020-10-06 00:00:00,2020
3.7488,3440251736.5558577,210625817.43183962,2020-10-07 00:00:00,2020
3.8529999999999998,3541978347.8554893,216001362.39253852,2020-10-08 00:00:00,2020
4.1018,3769762007.0828257,214716289.57457,2020-10-09 00:00:00,2020
4.2589,3921415690.922872,182371173.03073755,2020-10-10 00:00:00,2020
4.2542,3919459351.7433486,163446062.4110077,2020-10-11 00:00:00,2020
4.2502,3916199449.3647904,124735788.70912461,2020-10-12 00:00:00,2020
4.3163,3977129133.2757235,188455914.277421,2020-10-13 00:00:00,2020
4.2489,3915494879.7760305,155609893.3297254,2020-10-14 00:00:00,2020
4.1946,3867261708.4269414,168709011.56224796,2020-10-15 00:00:00,2020
4.0949,3777390476.4718733,143464781.4780979,2020-10-16 00:00:00,2020
3.9023,3609407515.0339217,161294195.66031703,2020-10-17 00:00:00,2020
3.9645,3658072954.9526196,69398889.68866682,2020-10-18 00:00:00,2020
4.1066,3790640346.1402893,84816935.22137997,2020-10-19 00:00:00,2020
3.9916,3671134189.284116,95007120.32225177,2020-10-20 00:00:00,2020
3.9072,3604225667.8517904,148089643.50211453,2020-10-21 00:00:00,2020
4.1313,3812512446.0483255,174236165.96079922,2020-10-22 00:00:00,2020
4.2647,3939180404.081174,146291489.18888167,2020-10-23 00:00:00,2020
4.2562,3933812312.373021,164831205.4380136,2020-10-24 00:00:00,2020
4.3504,4020658006.777102,120332452.89074594,2020-10-25 00:00:00,2020
4.334,4012939180.8089256,108292827.394825,2020-10-26 00:00:00,2020
4.688,4329655077.1763115,274074972.02018064,2020-10-27 00:00:00,2020
4.6826,4340749573.937261,265898434.61678487,2020-10-28 00:00:00,2020
4.3604,4034473421.2102537,202108505.00692162,2020-10-29 00:00:00,2020
4.0535,3764515251.518611,200320469.3863818,2020-10-30 00:00:00,2020
4.0907,3791580626.3780184,159228530.14780968,2020-10-31 00:00:00,2020
4.178,3874741303.6816278,91136861.76934384,2020-11-01 00:00:00,2020
4.2019,3895006456.472724,81646034.91053519,2020-11-02 00:00:00,2020
4.0245,3739887980.0737333,140951326.24756223,2020-11-03 00:00:00,2020
4.0252,3734301175.4767933,122070013.90305401,2020-11-04 00:00:00,2020
4.0814,3787360078.116946,167238369.00696442,2020-11-05 00:00:00,2020
4.2331,3937088642.1498547,147107170.64734727,2020-11-06 00:00:00,2020
4.5701,4258511485.891999,189796195.46608785,2020-11-07 00:00:00,2020
4.2371,3945482202.1835647,278868817.51144844,2020-11-08 00:00:00,2020
4.3632,4078246608.5763006,128160233.80415396,2020-11-09 00:00:00,2020
4.3398,4036915102.2553153,140530467.26834425,2020-11-10 00:00:00,2020
4.4096,4109275213.3344407,127503833.19442774,2020-11-11 00:00:00,2020
4.4488,4142055650.2154307,150334795.18311763,2020-11-12 00:00:00,2020
4.3879,4082668445.386233,116847228.49038725,2020-11-13 00:00:00,2020
4.5437,4230663243.511702,114376307.5174001,2020-11-14 00:00:00,2020
4.467,4162232116.8495955,105545036.03024603,2020-11-15 00:00:00,2020
4.3715,4077484365.323717,101700104.16889997,2020-11-16 00:00:00,2020
4.4898,4179039016.9363775,134948395.12151504,2020-11-17 00:00:00,2020
4.8303,4503849621.370429,262107641.97021005,2020-11-18 00:00:00,2020
4.6858,4363793226.847716,231442094.2624644,2020-11-19 00:00:00,2020
4.7541,4437744294.637405,254597411.67709658,2020-11-20 00:00:00,2020
5.2291,4882026485.544076,453367042.8198105,2020-11-21 00:00:00,2020
5.7575,5380273377.455998,434969224.6240124,2020-11-22 00:00:00,2020
5.4947,5170209964.717677,402300034.3749447,2020-11-23 00:00:00,2020
5.8956,5467632721.652316,459048675.4013789,2020-11-24 00:00:00,2020
5.7134,5349446030.631042,495215338.30771893,2020-11-25 00:00:00,2020
5.3041,4944330443.97678,338334053.3515652,2020-11-26 00:00:00,2020
4.7994,4481218213.2427435,590290526.5461713,2020-11-27 00:00:00,2020
4.7893,4472460027.798345,348738180.8792862,2020-11-28 00:00:00,2020
4.8898,4574371937.667865,165147373.40301624,2020-11-29 00:00:00,2020
5.1858,4847631627.853293,180449728.82591808,2020-11-30 00:00:00,2020
5.3545,5021807204.881335,281162258.87326753,2020-12-01 00:00:00,2020
5.1037,4783025652.238981,283997579.19488394,2020-12-02 00:00:00,2020
5.4792,5133075936.979941,221443721.34281644,2020-12-03 00:00:00,2020
5.4105,5064584908.140408,180056113.46700332,2020-12-04 00:00:00,2020
5.0502,4723585460.440241,187447411.29744184,2020-12-05 00:00:00,2020
5.1921,4859029118.679096,163925878.93170908,2020-12-06 00:00:00,2020
5.1277,4812002430.024476,124802254.50752078,2020-12-07 00:00:00,2020
5.0601,4750708655.5933,122459164.11119731,2020-12-08 00:00:00,2020
4.7394,4473125093.332668,177229440.09950307,2020-12-09 00:00:00,2020
4.8635,4580216020.823783,188894951.16754755,2020-12-10 00:00:00,2020
4.7993,4520011663.465658,124920916.15278496,2020-12-11 00:00:00,2020
4.6272,4350296965.757761,151211192.49292222,2020-12-12 00:00:00,2020
4.7377,4455620171.257192,124398004.61164066,2020-12-13 00:00:00,2020
4.8891,4593849679.408428,149377920.07492235,2020-12-14 00:00:00,2020
4.8983,4612926971.9815445,127483634.08531529,2020-12-15 00:00:00,2020
5.2626,4983814223.593981,226657411.00945666,2020-12-16 00:00:00,2020
5.3584,5051770600.2730875,280617074.90846276,2020-12-17 00:00:00,2020
5.3464,5043374200.259078,388878613.38309264,2020-12-18 00:00:00,2020
5.3643,5047179446.47409,238147666.04239407,2020-12-19 00:00:00,2020
5.3381,5043012871.235929,221959265.0973418,2020-12-20 00:00:00,2020
5.1822,4884986668.975207,235826101.90278256,2020-12-21 00:00:00,2020
4.8927,4642851803.926471,328011704.8498074,2020-12-22 00:00:00,2020
5.1533,4875242737.61714,332723854.8795314,2020-12-23 00:00:00,2020
4.7389,4489530313.422168,322787689.4904395,2020-12-24 00:00:00,2020
5.1354,4859778621.300656,298616200.23050565,2020-12-25 00:00:00,2020
5.2112,4939071509.721283,215984215.3337366,2020-12-26 00:00:00,2020
5.2111,4920780281.244822,389881571.49156916,2020-12-27 00:00:00,2020
5.1703,4917775037.589005,599564761.8727797,2020-12-28 00:00:00,2020
6.609,6274967873.493339,1001838592.4843612,2020-12-29 00:00:00,2020
7.5747,7217589339.709585,1623438090.7900755,2020-12-30 00:00:00,2020
7.279,6890483558.510944,1162860045.9212942,2020-12-31 00:00:00,2020
9.361,8790589451.482008,1926142318.8993368,2021-01-01 00:00:00,2021
8.3094,7876734640.506003,1589686202.433354,2021-01-02 00:00:00,2021
9.2231,8778072861.213175,1884370500.0352182,2021-01-03 00:00:00,2021
10.2794,9839572847.117577,2026241252.0596154,2021-01-04 00:00:00,2021
9.2593,8767297086.336569,1788452339.2778962,2021-01-05 00:00:00,2021
9.7392,9268615029.823357,1101026826.544137,2021-01-06 00:00:00,2021
10.0977,9667925163.928446,1383529724.4738817,2021-01-07 00:00:00,2021
9.6461,9154780364.803495,1357811528.895877,2021-01-08 00:00:00,2021
9.3147,8872846060.524126,1132451712.0402448,2021-01-09 00:00:00,2021
9.7784,9332171957.95746,753225124.2942744,2021-01-10 00:00:00,2021
9.3294,8899676317.009953,837525001.2664026,2021-01-11 00:00:00,2021
8.2881,7889136044.384198,1814162155.3060699,2021-01-12 00:00:00,2021
8.263,7874265559.834409,845668469.3126857,2021-01-13 00:00:00,2021
11.025,10463214371.418743,2072789652.8729303,2021-01-14 00:00:00,2021
14.3892,13710583025.260971,3706157857.0315957,2021-01-15 00:00:00,2021
13.1974,12518186422.369808,4067988418.441339,2021-01-16 00:00:00,2021
18.285,17454759345.0311,7335372449.691468,2021-01-17 00:00:00,2021
16.9412,16170957365.959196,4336834538.540487,2021-01-18 00:00:00,2021
16.4171,15611727621.338995,2342725151.713157,2021-01-19 00:00:00,2021
16.5004,15867491203.42768,2101304751.9949412,2021-01-20 00:00:00,2021
17.971,17124488269.973804,3098835544.8857055,2021-01-21 00:00:00,2021
16.0033,15578426592.67866,3129318087.8445983,2021-01-22 00:00:00,2021
17.1535,16466661831.919771,2765854645.4363594,2021-01-23 00:00:00,2021
18.6003,17702992560.13173,2215949804.9533052,2021-01-24 00:00:00,2021
17.9964,17273184189.924995,1518953639.2466738,2021-01-25 00:00:00,2021
17.2553,16515904649.551546,1654796100.7896485,2021-01-26 00:00:00,2021
17.1142,16415459288.594057,1296758574.747851,2021-01-27 00:00:00,2021
15.4581,14798283723.454659,1336945930.4510188,2021-01-28 00:00:00,2021
16.9536,16254766558.700006,1520805815.1531267,2021-01-29 00:00:00,2021
16.8132,16183669590.285444,1861571320.5965343,2021-01-30 00:00:00,2021
16.4368,15755706707.425257,943930650.0265751,2021-01-31 00:00:00,2021
16.1435,15447495133.606997,1145966595.3844478,2021-02-01 00:00:00,2021
16.3345,15718566326.160374,957499231.0275391,2021-02-02 00:00:00,2021
17.2462,16703247515.16536,1360952730.1383374,2021-02-03 00:00:00,2021
20.8112,19971174479.345352,2517074593.027832,2021-02-04 00:00:00,2021
19.6879,19067536675.01821,2327103649.7824135,2021-02-05 00:00:00,2021
20.9155,20065986931.370617,1742093250.4734116,2021-02-06 00:00:00,2021
20.3986,19582739051.288105,1354116192.8114617,2021-02-07 00:00:00,2021
19.686700000000002,18891743103.597805,1496709054.2225707,2021-02-08 00:00:00,2021
23.1049,22114659632.659473,2773507986.714624,2021-02-09 00:00:00,2021
23.1772,22334799741.81557,1884256190.4570649,2021-02-10 00:00:00,2021
23.5332,22734504386.84818,2131291693.2757363,2021-02-11 00:00:00,2021
25.116,24161179429.366028,2103920735.4379256,2021-02-12 00:00:00,2021
28.6371,27616676384.90755,2519169670.429951,2021-02-13 00:00:00,2021
27.9476,27007038181.38601,2266210239.4688272,2021-02-14 00:00:00,2021
27.0529,26227319235.22934,1595500661.964877,2021-02-15 00:00:00,2021
27.6866,26566488356.9671,2472116588.792158,2021-02-16 00:00:00,2021
30.198,29114114011.07639,2701843651.3887186,2021-02-17 00:00:00,2021
31.9322,30712299898.00881,2323010298.124222,2021-02-18 00:00:00,2021
31.1628,30015246212.949078,1446625690.0175753,2021-02-19 00:00:00,2021
35.0264,33723084919.03054,2809304671.1877484,2021-02-20 00:00:00,2021
39.3736,37257080664.757454,5237458518.062277,2021-02-21 00:00:00,2021
39.7222,37996210717.6472,2910491062.714656,2021-02-22 00:00:00,2021
37.8178,36345028065.35592,4422794727.434546,2021-02-23 00:00:00,2021
34.3939,33192737847.942608,6044402319.652301,2021-02-24 00:00:00,2021
33.7287,32697522066.641846,3216425877.0109863,2021-02-25 00:00:00,2021
31.1899,30403400398.56049,2424342543.138615,2021-02-26 00:00:00,2021
31.3747,30323219597.905197,3811257872.375225,2021-02-27 00:00:00,2021
33.8041,32494177264.131943,3663132564.0751624,2021-02-28 00:00:00,2021
33.4532,32724468747.04945,3361298154.3935986,2021-03-01 00:00:00,2021
35.5729,34482548793.082504,2394221030.452759,2021-03-02 00:00:00,2021
36.2734,35162491056.98591,2652602369.6720257,2021-03-03 00:00:00,2021
37.0764,36037615291.30907,1846992438.6695292,2021-03-04 00:00:00,2021
35.4139,34325821408.80083,2017937521.415405,2021-03-05 00:00:00,2021
33.7245,32533163620.605686,2195167253.9325957,2021-03-06 00:00:00,2021
33.4935,32513187620.90908,1056302430.6437292,2021-03-07 00:00:00,2021
35.2441,34105986455.119774,1174423275.4810855,2021-03-08 00:00:00,2021
34.9715,33921422032.115574,1202842486.8403623,2021-03-09 00:00:00,2021
38.3957,37395351100.78027,2208593351.545486,2021-03-10 00:00:00,2021
37.7798,36853090170.43106,2247048891.0175467,2021-03-11 00:00:00,2021
36.8783,35856583093.91823,1602488721.3347497,2021-03-12 00:00:00,2021
35.7076,34769140591.6425,1346759594.8959148,2021-03-13 00:00:00,2021
37.3173,36630956614.64997,1507640392.6381807,2021-03-14 00:00:00,2021
36.726,35929717095.64556,1076645082.295149,2021-03-15 00:00:00,2021
34.3538,33698594020.455296,1939668585.3105516,2021-03-16 00:00:00,2021
35.6504,34537765726.02906,1616622960.744138,2021-03-17 00:00:00,2021
36.2945,35349519331.46919,1407907457.9845603,2021-03-18 00:00:00,2021
35.523,34684937913.02223,1130555670.2476017,2021-03-19 00:00:00,2021
38.2163,37374066395.854706,1816822876.654633,2021-03-20 00:00:00,2021
37.5048,36835725243.02955,1624244017.1843762,2021-03-21 00:00:00,2021
36.7651,35952735874.87629,1282812882.4768355,2021-03-22 00:00:00,2021
35.518,34774273754.16565,1238649934.2621312,2021-03-23 00:00:00,2021
34.2863,33531597127.33813,1146831543.568595,2021-03-24 00:00:00,2021
30.5709,30045752287.980137,1939572978.8947408,2021-03-25 00:00:00,2021
29.7103,29046963177.401062,2380374370.5190663,2021-03-26 00:00:00,2021
33.1293,32342912958.142776,1302279715.7344959,2021-03-27 00:00:00,2021
32.6235,31949432348.545704,1081995006.209691,2021-03-28 00:00:00,2021
32.1708,31468649102.246227,872725521.1743374,2021-03-29 00:00:00,2021
34.3264,33490535900.76816,837849935.5380555,2021-03-30 00:00:00,2021
33.9251,33200100559.216576,972088014.2611275,2021-03-31 00:00:00,2021
36.8885,36315780875.424095,2749780924.550207,2021-04-01 00:00:00,2021
37.6247,36943423386.29301,2112188584.2797937,2021-04-02 00:00:00,2021
40.9439,40042895373.819046,2109672607.7135742,2021-04-03 00:00:00,2021
41.7015,41035684386.907776,3953738785.6009393,2021-04-04 00:00:00,2021
44.2399,43038662965.1209,2203439508.717633,2021-04-05 00:00:00,2021
45.6083,44120784681.118515,2101421530.2666874,2021-04-06 00:00:00,2021
43.4249,42688387270.04445,2250595124.9908485,2021-04-07 00:00:00,2021
39.7505,39229624713.84908,2407805210.9192314,2021-04-08 00:00:00,2021
41.409,40700735346.47808,1386402238.6371279,2021-04-09 00:00:00,2021
40.7844,40088795175.58917,1063984405.5106469,2021-04-10 00:00:00,2021
41.5919,40822769763.2672,1301909092.0272765,2021-04-11 00:00:00,2021
41.3786,40683743856.07151,1220208465.547585,2021-04-12 00:00:00,2021
40.5573,39897746204.72769,1426647376.004758,2021-04-13 00:00:00,2021
43.2222,42419688929.988556,2159038658.702956,2021-04-14 00:00:00,2021
42.4979,41865671360.148796,2399471936.9260116,2021-04-15 00:00:00,2021
43.5204,42864935181.02473,1865431184.08903,2021-04-16 00:00:00,2021
41.5127,40968120748.56171,2098476058.2316206,2021-04-17 00:00:00,2021
42.409,42045360704.400856,3622543924.235522,2021-04-18 00:00:00,2021
37.3734,36963739593.6074,4664575738.97489,2021-04-19 00:00:00,2021
34.8212,34547573875.09173,2183490705.6617746,2021-04-20 00:00:00,2021
35.4145,35052437008.23122,2535369660.112585,2021-04-21 00:00:00,2021
34.0156,33656812078.590767,2067143570.5438857,2021-04-22 00:00:00,2021
33.2421,32837988741.585655,2727362562.7818136,2021-04-23 00:00:00,2021
32.3777,31955227311.01955,3692974457.242997,2021-04-24 00:00:00,2021
29.1385,29164117673.324932,1790187521.1027157,2021-04-25 00:00:00,2021
29.7707,29386423738.55804,1426820530.317965,2021-04-26 00:00:00,2021
33.4605,32971528339.239906,2073188240.1405542,2021-04-27 00:00:00,2021
34.5386,34085016694.010246,1707353296.040809,2021-04-28 00:00:00,2021
33.9929,33465362480.344566,1727083451.9411442,2021-04-29 00:00:00,2021
35.7817,35125134676.12503,1671642385.8837767,2021-04-30 00:00:00,2021
36.5558,36161115650.50087,2053574634.1266975,2021-05-01 00:00:00,2021
36.8955,36487497552.831894,1431056978.6740394,2021-05-02 00:00:00,2021
36.6286,36175071088.34755,1303233017.6899304,2021-05-03 00:00:00,2021
37.3109,36985789925.45359,1645143224.0203195,2021-05-04 00:00:00,2021
34.6618,34707954650.18579,2295521130.5770683,2021-05-05 00:00:00,2021
40.5685,40073630954.333496,2902362969.2338347,2021-05-06 00:00:00,2021
41.5152,41263884488.423386,3591760181.6557684,2021-05-07 00:00:00,2021
39.9296,39477322692.65792,2614452242.387992,2021-05-08 00:00:00,2021
39.6446,39197018807.0192,1539872559.5545456,2021-05-09 00:00:00,2021
40.3051,39960281498.6593,1960812614.7285278,2021-05-10 00:00:00,2021
36.6976,36380576367.92715,2738737908.933777,2021-05-11 00:00:00,2021
38.6292,38213129449.26634,1978072269.6659775,2021-05-12 00:00:00,2021
35.3663,36142903315.04381,3297743471.4965587,2021-05-13 00:00:00,2021
40.1045,39682065176.0802,6028561379.2491,2021-05-14 00:00:00,2021
47.3324,46663358358.632095,4389158726.270394,2021-05-15 00:00:00,2021
43.19,42873126463.91633,5670783483.435763,2021-05-16 00:00:00,2021
42.4956,41909567642.53158,3512522788.0849147,2021-05-17 00:00:00,2021
38.4666,38675535803.375725,3591393624.0346236,2021-05-18 00:00:00,2021
40.7845,40700856754.28537,2964614890.0023675,2021-05-19 00:00:00,2021
25.5474,26212334807.34307,7440268038.0967455,2021-05-20 00:00:00,2021
28.9677,28603677243.810192,4887264993.644384,2021-05-21 00:00:00,2021
23.8869,23855622508.168064,4537200355.067695,2021-05-22 00:00:00,2021
21.9864,21860219890.87334,3027159412.6211486,2021-05-23 00:00:00,2021
18.0556,17830097290.168854,4240565324.877562,2021-05-24 00:00:00,2021
23.0683,22978156612.954174,3294658515.605996,2021-05-25 00:00:00,2021
21.997700000000002,21933881526.44776,2593578225.083468,2021-05-26 00:00:00,2021
24.6636,24531339737.5942,2295932465.490305,2021-05-27 00:00:00,2021
23.994,24040296853.950665,1953660434.2199876,2021-05-28 00:00:00,2021
21.4643,21392351948.632805,3163705196.799271,2021-05-29 00:00:00,2021
19.9182,20036900253.630054,1639713144.1522937,2021-05-30 00:00:00,2021
20.4281,20344660576.923485,1386880188.949725,2021-05-31 00:00:00,2021
23.3281,23254070863.818947,1916499739.7321558,2021-06-01 00:00:00,2021
22.9025,22899347242.905197,1555014124.7382228,2021-06-02 00:00:00,2021
26.1673,26126479643.786804,2139089062.7504544,2021-06-03 00:00:00,2021
27.2349,27239991190.48918,2059836125.1783895,2021-06-04 00:00:00,2021
25.1006,25084953695.39406,1952268571.332295,2021-06-05 00:00:00,2021
23.8156,23680247755.592136,1415753256.4326484,2021-06-06 00:00:00,2021
24.1459,24156716111.00127,843204626.1208866,2021-06-07 00:00:00,2021
21.3974,21605113644.382584,1280241352.385666,2021-06-08 00:00:00,2021
21.8652,21896291632.897587,1698751463.5288625,2021-06-09 00:00:00,2021
23.1966,23303937957.99968,1452158373.0871491,2021-06-10 00:00:00,2021
22.68,22853431521.801174,1437709901.7599847,2021-06-11 00:00:00,2021
21.0565,21108781102.469795,981770548.2225292,2021-06-12 00:00:00,2021
20.8472,21002014902.98868,962136083.1628792,2021-06-13 00:00:00,2021
22.089,22042757096.994293,802526585.392608,2021-06-14 00:00:00,2021
25.935,26018722804.42594,2102058923.7809913,2021-06-15 00:00:00,2021
24.1198,24229295867.459297,1499821201.2995617,2021-06-16 00:00:00,2021
22.8345,22887778579.919186,1132504108.432292,2021-06-17 00:00:00,2021
22.5543,22454000728.776775,830343796.1260432,2021-06-18 00:00:00,2021
21.4553,21545349132.29741,861812291.6179062,2021-06-19 00:00:00,2021
20.3823,20468951490.828773,624793482.9809674,2021-06-20 00:00:00,2021
20.7448,20817405498.417953,889911121.8767681,2021-06-21 00:00:00,2021
15.7815,15982853048.931551,1604155701.6824002,2021-06-22 00:00:00,2021
14.6278,14637302133.758293,2207447798.607186,2021-06-23 00:00:00,2021
15.8614,15964610514.042696,1395173769.7441962,2021-06-24 00:00:00,2021
16.2624,16337122561.43929,891444663.6233742,2021-06-25 00:00:00,2021
14.7476,14854414724.676348,863464620.4382737,2021-06-26 00:00:00,2021
14.4193,14370536477.857649,805461997.5952917,2021-06-27 00:00:00,2021
14.9761,15038775166.061934,616294782.9453921,2021-06-28 00:00:00,2021
15.7759,15872501595.64575,755671286.8360317,2021-06-29 00:00:00,2021
16.279,16384626754.387346,935736808.1989927,2021-06-30 00:00:00,2021
16.412,16512919235.466106,858783153.1010189,2021-07-01 00:00:00,2021
15.2812,15380656777.288427,585331700.7122605,2021-07-02 00:00:00,2021
15.3423,15419847509.992872,468816447.8059007,2021-07-03 00:00:00,2021
15.5079,15587592092.317818,433677879.5271505,2021-07-04 00:00:00,2021
16.0298,16202592095.968876,496919154.30138683,2021-07-05 00:00:00,2021
15.3189,15446939706.966547,574183925.1512223,2021-07-06 00:00:00,2021
16.0113,16110114515.520721,710889640.5946512,2021-07-07 00:00:00,2021
16.8438,16988955419.758852,1071108684.8823645,2021-07-08 00:00:00,2021
15.3804,15515383491.814346,803984948.9624517,2021-07-09 00:00:00,2021
15.7327,15876798284.279968,541920808.0654576,2021-07-10 00:00:00,2021
15.3627,15507578349.20516,420597815.0755611,2021-07-11 00:00:00,2021
15.517,15659569354.397688,344870666.6668761,2021-07-12 00:00:00,2021
14.9348,15064043256.525341,448242274.993748,2021-07-13 00:00:00,2021
14.1431,14290203246.661207,392671006.92454654,2021-07-14 00:00:00,2021
13.7978,13918632889.939701,594320913.1156065,2021-07-15 00:00:00,2021
13.0425,13164575053.977856,559591550.8491681,2021-07-16 00:00:00,2021
12.0169,12135153029.810574,552734556.6652181,2021-07-17 00:00:00,2021
12.2744,12431619895.169931,602223527.0661373,2021-07-18 00:00:00,2021
12.7728,12904733429.225042,491685992.45810634,2021-07-19 00:00:00,2021
11.539,11716868009.766188,633403592.1663936,2021-07-20 00:00:00,2021
11.0743,11192123688.695856,604314613.6823586,2021-07-21 00:00:00,2021
12.4015,12507872639.32874,943414148.436684,2021-07-22 00:00:00,2021
13.2623,13425897698.422424,855200965.5527009,2021-07-23 00:00:00,2021
13.3511,13516250007.12555,748669936.7785717,2021-07-24 00:00:00,2021
13.8468,13995021443.19115,647617803.3238002,2021-07-25 00:00:00,2021
13.8011,13977268609.217564,599123810.8506314,2021-07-26 00:00:00,2021
13.9446,14197666149.040764,1406472419.6280398,2021-07-27 00:00:00,2021
14.326,14471619607.204191,924272223.9271412,2021-07-28 00:00:00,2021
14.5433,14744715019.364664,861496261.0001287,2021-07-29 00:00:00,2021
15.2366,15511762402.182098,859675435.1189196,2021-07-30 00:00:00,2021
15.7919,16020063316.840374,899105792.4212883,2021-07-31 00:00:00,2021
16.9125,17191651678.448353,970085119.0522482,2021-08-01 00:00:00,2021
18.3233,18560418021.78449,2222122744.8011594,2021-08-02 00:00:00,2021
18.1853,18581195437.747715,1322342228.4124486,2021-08-03 00:00:00,2021
17.4717,17745897142.51564,959709619.3894043,2021-08-04 00:00:00,2021
19.1805,19483236487.043167,1291235791.1619103,2021-08-05 00:00:00,2021
19.14,19473342237.69863,1270447579.789482,2021-08-06 00:00:00,2021
20.4245,20766396621.81058,1293430028.7762022,2021-08-07 00:00:00,2021
21.0352,21265044607.579567,1269915497.355134,2021-08-08 00:00:00,2021
19.7427,20106626711.23179,1018656074.6366373,2021-08-09 00:00:00,2021
20.628,20824372654.69003,1053844787.9927258,2021-08-10 00:00:00,2021
20.6535,21021462160.86903,1135180262.5213861,2021-08-11 00:00:00,2021
21.3777,21760453709.923435,1462398351.259337,2021-08-12 00:00:00,2021
20.7624,21137761564.596798,1239209131.0266278,2021-08-13 00:00:00,2021
22.6042,22996186282.12132,1111594036.730999,2021-08-14 00:00:00,2021
22.8449,23372878955.12979,1157508341.238964,2021-08-15 00:00:00,2021
23.1114,23563334000.34182,944471290.0613953,2021-08-16 00:00:00,2021
24.5056,25452923777.416542,2081379320.9377134,2021-08-17 00:00:00,2021
23.4756,24159304429.401466,2580123102.6011233,2021-08-18 00:00:00,2021
24.218,24871121629.816124,1897698075.3012993,2021-08-19 00:00:00,2021
26.3931,26800386991.24821,1834951374.3786929,2021-08-20 00:00:00,2021
28.1116,28679131918.841976,1906428283.9811225,2021-08-21 00:00:00,2021
27.9825,28629606444.31811,1614836574.9771018,2021-08-22 00:00:00,2021
27.7642,28485595629.483974,1316710459.9558077,2021-08-23 00:00:00,2021
27.8745,28634802760.25213,1346642387.4207954,2021-08-24 00:00:00,2021
25.155,25966214797.418373,1562256496.4319983,2021-08-25 00:00:00,2021
26.0472,26709687702.000233,1426104606.9529798,2021-08-26 00:00:00,2021
24.3644,25001420049.62348,1307436888.2346263,2021-08-27 00:00:00,2021
26.5478,27227356056.746326,1360622439.1787415,2021-08-28 00:00:00,2021
25.991,26609443201.535122,829101579.1077722,2021-08-29 00:00:00,2021
25.7766,26402199659.960243,678938725.0418639,2021-08-30 00:00:00,2021
26.0066,26606852908.878548,1464426120.1452827,2021-08-31 00:00:00,2021
31.6953,32535963685.01559,4569057825.199612,2021-09-01 00:00:00,2021
32.9728,33822604572.48581,3159549414.572988,2021-09-02 00:00:00,2021
31.8643,32719602764.601856,1792704918.9237335,2021-09-03 00:00:00,2021
33.431,34222384278.98811,1894789965.7705662,2021-09-04 00:00:00,2021
32.4889,33466123091.017315,1155544794.471392,2021-09-05 00:00:00,2021
34.2744,35142925872.48066,1262460653.608827,2021-09-06 00:00:00,2021
34.2274,35143731453.001076,1659932503.4548569,2021-09-07 00:00:00,2021
27.9265,28688050254.74506,4111825922.313873,2021-09-08 00:00:00,2021
27.532,28490126294.132744,2523472271.321018,2021-09-09 00:00:00,2021
29.6895,30643022045.922634,2236812413.367374,2021-09-10 00:00:00,2021
28.9967,29788383579.59864,2729974247.8725033,2021-09-11 00:00:00,2021
31.4306,32286865041.880806,1677342484.6653113,2021-09-12 00:00:00,2021
35.7599,37027846170.79269,3341446624.441163,2021-09-13 00:00:00,2021
34.8178,35812324937.10864,5604723293.868191,2021-09-14 00:00:00,2021
37.5317,38788253004.43867,2939726407.270585,2021-09-15 00:00:00,2021
36.3293,37410339125.7701,1625848750.932562,2021-09-16 00:00:00,2021
35.5495,36546026114.95362,1710265888.0050788,2021-09-17 00:00:00,2021
33.0923,34034533042.46009,1782611570.3137794,2021-09-18 00:00:00,2021
34.9344,36039068294.78999,1327354227.9320111,2021-09-19 00:00:00,2021
33.7407,34807420627.91072,1019941670.7607338,2021-09-20 00:00:00,2021
28.3336,28858484282.205788,2884063141.216121,2021-09-21 00:00:00,2021
25.942,26596968281.658463,2393207898.4139647,2021-09-22 00:00:00,2021
31.4107,32330431374.67911,2179016958.3430533,2021-09-23 00:00:00,2021
33.4645,34457686867.44408,1701994083.1513853,2021-09-24 00:00:00,2021
30.7687,32097307439.380386,2858400513.0512323,2021-09-25 00:00:00,2021
30.0438,31000841342.569416,1508016469.170687,2021-09-26 00:00:00,2021
28.7397,29660694061.66691,1910397670.076767,2021-09-27 00:00:00,2021
27.6782,28750637839.83791,1239547492.5131752,2021-09-28 00:00:00,2021
26.2256,27312849334.235485,1133874857.2115479,2021-09-29 00:00:00,2021
27.3276,28251846107.374012,1141653463.512733,2021-09-30 00:00:00,2021
28.6181,29647004904.201897,946076212.7442867,2021-10-01 00:00:00,2021
31.9788,33124711534.88856,1539100178.7016811,2021-10-02 00:00:00,2021
32.1954,33366977888.09331,1093592994.3993373,2021-10-03 00:00:00,2021
32.2005,33433185196.45586,981313959.1390123,2021-10-04 00:00:00,2021
31.1852,32355047103.451736,1068187920.8816575,2021-10-05 00:00:00,2021
31.5411,32811530483.494095,1153342607.52326,2021-10-06 00:00:00,2021
32.4857,33631272711.70877,1673853881.1569786,2021-10-07 00:00:00,2021
33.8315,35072084816.551285,2437285587.375258,2021-10-08 00:00:00,2021
33.37,34620498524.94477,1340022268.8006043,2021-10-09 00:00:00,2021
36.3737,37802353613.87512,1629814362.5436416,2021-10-10 00:00:00,2021
34.343,35710512172.95275,1612950927.4838629,2021-10-11 00:00:00,2021
34.1138,35325841250.25503,1433542116.6139305,2021-10-12 00:00:00,2021
35.1305,36538467935.6122,1663686691.70196,2021-10-13 00:00:00,2021
41.7278,43402384032.36916,4527734457.71567,2021-10-14 00:00:00,2021
40.7206,42297076381.17521,2834739999.4049153,2021-10-15 00:00:00,2021
43.5866,45369612052.93674,3340306020.12635,2021-10-16 00:00:00,2021
41.9683,43859273192.05522,2044464416.564224,2021-10-17 00:00:00,2021
42.1299,43742927172.28111,1678390358.3639565,2021-10-18 00:00:00,2021
41.1415,42776996273.43379,1670187843.7146287,2021-10-19 00:00:00,2021
41.4202,43172393924.76975,1362586696.1227024,2021-10-20 00:00:00,2021
44.5532,46502735484.6576,2051643382.724359,2021-10-21 00:00:00,2021
43.0019,44853525407.92835,2259319122.6516676,2021-10-22 00:00:00,2021
43.7686,45743493577.48053,2422252174.461146,2021-10-23 00:00:00,2021
44.1264,45949461091.81612,1133605760.2683647,2021-10-24 00:00:00,2021
42.5236,44266068982.239525,1174173107.44725,2021-10-25 00:00:00,2021
44.5933,46565972980.72428,1262328203.4107306,2021-10-26 00:00:00,2021
45.3028,47076289145.008644,1663350142.7556872,2021-10-27 00:00:00,2021
40.4882,42320923634.55647,2822544773.7466774,2021-10-28 00:00:00,2021
42.0734,43915913929.21665,2837544491.9542346,2021-10-29 00:00:00,2021
44.1238,46048093042.8942,2174026709.4708204,2021-10-30 00:00:00,2021
42.7362,44630826101.60116,921954043.1230278,2021-10-31 00:00:00,2021
42.8169,44886129168.90644,1166429150.4682539,2021-11-01 00:00:00,2021
50.0927,52530888832.48173,4318501726.145254,2021-11-02 00:00:00,2021
51.2783,53365191562.93175,2182640237.2542076,2021-11-03 00:00:00,2021
53.3362,55783091481.4853,3252716884.514119,2021-11-04 00:00:00,2021
54.1429,56578310063.025444,2697750494.53814,2021-11-05 00:00:00,2021
51.9907,54378059923.014465,1720857363.0911849,2021-11-06 00:00:00,2021
52.0777,54554740326.24517,1627969789.0787377,2021-11-07 00:00:00,2021
52.3964,54856754672.34203,1340475200.6258733,2021-11-08 00:00:00,2021
53.3931,56053826261.21133,1651861930.0147119,2021-11-09 00:00:00,2021
50.9694,53615095611.95095,1748304840.7502017,2021-11-10 00:00:00,2021
46.9965,49245687240.40879,3042657593.4231935,2021-11-11 00:00:00,2021
47.8279,50255317535.37581,1783298683.2010467,2021-11-12 00:00:00,2021
46.1154,48284481979.40985,1891156861.5722303,2021-11-13 00:00:00,2021
47.2752,49560802050.11947,1068657955.267484,2021-11-14 00:00:00,2021
46.5914,48616511838.581566,844253258.6828798,2021-11-15 00:00:00,2021
44.9371,47241284463.34242,1101847678.233345,2021-11-16 00:00:00,2021
41.1832,43398597488.69447,2820151302.868465,2021-11-17 00:00:00,2021
42.6861,44819576742.965065,1788604885.741558,2021-11-18 00:00:00,2021
38.9262,41137039675.124115,1985512677.7768087,2021-11-19 00:00:00,2021
41.4292,43630032597.80758,1421375199.7158933,2021-11-20 00:00:00,2021
42.1848,44503624182.3523,942752211.5820888,2021-11-21 00:00:00,2021
42.580799999999996,45167296661.409134,1105619165.4750638,2021-11-22 00:00:00,2021
39.4603,41758139803.886024,1273900351.13475,2021-11-23 00:00:00,2021
40.8938,43155813816.60871,1022163840.9830971,2021-11-24 00:00:00,2021
38.3383,40623954497.32558,990884789.2227674,2021-11-25 00:00:00,2021
39.3974,41769419055.51868,1061523199.1464257,2021-11-26 00:00:00,2021
34.6073,36623738524.83695,1990184283.7149525,2021-11-27 00:00:00,2021
34.9513,36923137591.07219,879872172.5632542,2021-11-28 00:00:00,2021
35.6444,37772947847.735794,1345484276.184666,2021-11-29 00:00:00,2021
37.1883,39610271572.13685,1096283142.8420017,2021-11-30 00:00:00,2021
38.0034,40350744977.338905,1373406877.464189,2021-12-01 00:00:00,2021
36.6991,38940235497.91298,1100787168.1851666,2021-12-02 00:00:00,2021
35.7207,38020300996.14989,870059822.7496377,2021-12-03 00:00:00,2021
33.7971,35994478947.066925,1176870278.2351947,2021-12-04 00:00:00,2021
29.2778,31100610008.464878,2556537289.3265076,2021-12-05 00:00:00,2021
28.2907,29998972084.677536,1275046140.7495067,2021-12-06 00:00:00,2021
28.2758,30045183844.325577,1738242139.5823917,2021-12-07 00:00:00,2021
30.3437,32206355695.974754,1579164770.1548488,2021-12-08 00:00:00,2021
29.8168,31627251203.396294,1181804681.8365912,2021-12-09 00:00:00,2021
27.0142,28884963331.479652,1069872318.3930647,2021-12-10 00:00:00,2021
26.5576,28443367930.50603,1215820047.05959,2021-12-11 00:00:00,2021
27.7446,29507420179.870304,1053957136.113929,2021-12-12 00:00:00,2021
29.56,31425235076.101345,754187548.973305,2021-12-13 00:00:00,2021
25.9323,27635661681.994724,1099903245.3700864,2021-12-14 00:00:00,2021
26.182,27776696297.039307,1035781763.9881892,2021-12-15 00:00:00,2021
27.2313,28682452365.937973,1427962620.7600164,2021-12-16 00:00:00,2021
26.0026,27675798693.906647,1297342225.9638927,2021-12-17 00:00:00,2021
24.7651,26416068626.617535,1006604899.8237394,2021-12-18 00:00:00,2021
25.5565,27260000560.942574,750325433.6941878,2021-12-19 00:00:00,2021
24.8027,26529707389.43836,618517652.2460241,2021-12-20 00:00:00,2021
24.2364,25931679868.20374,789581277.3226116,2021-12-21 00:00:00,2021
25.2748,27078881471.485497,752694540.9301143,2021-12-22 00:00:00,2021
27.2883,29167743983.92905,1160469145.6087036,2021-12-23 00:00:00,2021
29.2396,31173032224.78567,1315971444.8437622,2021-12-24 00:00:00,2021
28.1579,30096279470.711548,876002452.4345791,2021-12-25 00:00:00,2021
28.9492,31022208369.717255,562403880.4516754,2021-12-26 00:00:00,2021
31.4206,33550554796.09437,1385818214.8027556,2021-12-27 00:00:00,2021
31.0461,33302241419.428368,1440198029.352226,2021-12-28 00:00:00,2021
28.03,30133454586.661674,2004953651.9929783,2021-12-29 00:00:00,2021
26.7469,28482916518.775734,1417025633.0025005,2021-12-30 00:00:00,2021
27.5384,29412068041.195526,1056266379.5992932,2021-12-31 00:00:00,2021
26.7371,28732998502.746273,1029198943.9670718,2022-01-01 00:00:00,2022
28.6414,30517681838.453594,650806340.6952845,2022-01-02 00:00:00,2022
29.7666,31944115354.77421,1076715455.9372327,2022-01-03 00:00:00,2022
30.1517,32436340090.242737,1461765935.1203914,2022-01-04 00:00:00,2022
28.8556,31537656135.75426,1312142515.8722835,2022-01-05 00:00:00,2022
26.8879,28936275424.478165,1517014108.0554445,2022-01-06 00:00:00,2022
26.8181,28843259208.714306,1281481231.3562808,2022-01-07 00:00:00,2022
24.9666,26779237851.543533,2220537714.3123727,2022-01-08 00:00:00,2022
24.0518,25923977117.20303,1258983747.847014,2022-01-09 00:00:00,2022
24.6513,26407621531.276527,1087184419.1135013,2022-01-10 00:00:00,2022
23.7733,25456977504.43002,1414107986.2645206,2022-01-11 00:00:00,2022
25.5499,27475553928.56419,1276554183.5632813,2022-01-12 00:00:00,2022
27.3491,29399262365.304707,1159766365.0459332,2022-01-13 00:00:00,2022
25.8363,27917785563.580727,1118039838.0957701,2022-01-14 00:00:00,2022
27.7488,29684561956.36822,1484988317.430836,2022-01-15 00:00:00,2022
27.779,29895862458.44073,915517798.381983,2022-01-16 00:00:00,2022
27.7381,29789790006.807434,1049845646.3621527,2022-01-17 00:00:00,2022
25.7515,27670413006.059025,1170420006.1762898,2022-01-18 00:00:00,2022
25.1181,27020370467.037605,1087004448.6463797,2022-01-19 00:00:00,2022
24.1628,26125537293.84224,957657579.364165,2022-01-20 00:00:00,2022
23.0243,24969517569.592186,988320911.00652,2022-01-21 00:00:00,2022
19.5742,21173684730.274296,1979544572.036382,2022-01-22 00:00:00,2022
18.2871,19674934664.12584,2455316924.7197995,2022-01-23 00:00:00,2022
18.8027,20234576752.466,1420665035.5397663,2022-01-24 00:00:00,2022
18.1265,19558589660.8442,1955649017.7112184,2022-01-25 00:00:00,2022
18.5396,19987558900.912,1234858143.1858609,2022-01-26 00:00:00,2022
18.1049,19665313790.58067,1451660664.4299476,2022-01-27 00:00:00,2022
18.1895,19501146889.39568,1020174861.693886,2022-01-28 00:00:00,2022
18.3729,19806520731.82455,820374496.7826016,2022-01-29 00:00:00,2022
18.7635,20151361693.38701,607122616.9946909,2022-01-30 00:00:00,2022
18.2215,19651471274.50926,605567191.7940992,2022-01-31 00:00:00,2022
19.4567,20922623770.2995,943068662.2311251,2022-02-01 00:00:00,2022
19.6403,21259400427.022354,897937499.674754,2022-02-02 00:00:00,2022
18.8427,20314239323.80025,981092196.1154816,2022-02-03 00:00:00,2022
18.7632,20253940808.552387,747076284.5884506,2022-02-04 00:00:00,2022
20.4937,21920795400.66965,936097374.8445774,2022-02-05 00:00:00,2022
21.4107,23208237609.594383,1078480125.1055315,2022-02-06 00:00:00,2022
21.9345,23630077327.0498,669179973.8590842,2022-02-07 00:00:00,2022
22.4212,24285830156.680973,1094307998.8477252,2022-02-08 00:00:00,2022
21.717,23527048022.776833,1178072579.252564,2022-02-09 00:00:00,2022
21.9583,23774347905.930065,727651466.613877,2022-02-10 00:00:00,2022
20.6659,22480041052.512695,1058676685.0210963,2022-02-11 00:00:00,2022
18.9836,20572029325.256985,992204806.4227159,2022-02-12 00:00:00,2022
18.8152,20347060821.402138,702583071.2979032,2022-02-13 00:00:00,2022
18.8408,20286774145.390427,520320760.0056092,2022-02-14 00:00:00,2022
18.7323,20330586905.798527,605860012.7828761,2022-02-15 00:00:00,2022
20.1675,21989212429.833023,648661043.8032804,2022-02-16 00:00:00,2022
19.8317,21632674348.359264,651228108.5882292,2022-02-17 00:00:00,2022
18.1239,19666147141.288696,729682828.0764459,2022-02-18 00:00:00,2022
17.8689,19440501172.636116,662062096.4864421,2022-02-19 00:00:00,2022
17.9262,19440770227.12013,431248077.2874277,2022-02-20 00:00:00,2022
16.9484,18571831871.01635,654237821.1593908,2022-02-21 00:00:00,2022
16.213,17594587959.022434,939691993.3548201,2022-02-22 00:00:00,2022
16.5819,17917639268.337646,823757048.9395145,2022-02-23 00:00:00,2022
16.0368,17465416910.19338,918406607.3870813,2022-02-24 00:00:00,2022
16.1041,17503655353.218777,1685419680.7506614,2022-02-25 00:00:00,2022
17.31,18908136701.357437,902436424.7650347,2022-02-26 00:00:00,2022
18.0066,19504595248.591766,1059446587.4252287,2022-02-27 00:00:00,2022
17.5161,19052243735.017506,987126257.7958626,2022-02-28 00:00:00,2022
18.9432,20606771091.38648,1335777108.4068086,2022-03-01 00:00:00,2022
18.877,20556858846.838238,1246786555.9126437,2022-03-02 00:00:00,2022
18.608,20289899683.262436,841557855.3766359,2022-03-03 00:00:00,2022
18.0347,19677291867.65052,793303761.699699,2022-03-04 00:00:00,2022
16.7849,18360963628.261246,814224107.9201245,2022-03-05 00:00:00,2022
17.3304,18883862709.2341,611717395.9555771,2022-03-06 00:00:00,2022
17.012,18560720716.930275,583143137.6472855,2022-03-07 00:00:00,2022
16.4269,17862554741.695995,738284001.6916823,2022-03-08 00:00:00,2022
16.9453,18508887744.591454,683767994.0548117,2022-03-09 00:00:00,2022
17.8762,19560678405.51668,692867521.3571929,2022-03-10 00:00:00,2022
16.986,18530956722.802334,601179816.7222946,2022-03-11 00:00:00,2022
17.7436,19500591095.318806,907000023.3657291,2022-03-12 00:00:00,2022
18.1509,19856321187.00703,700110604.5677758,2022-03-13 00:00:00,2022
17.2342,18826508207.97311,466836866.97416115,2022-03-14 00:00:00,2022
17.6874,19307388269.832634,513960792.2023474,2022-03-15 00:00:00,2022
17.8282,19542246751.84596,483167184.41158473,2022-03-16 00:00:00,2022
19.0556,20882474607.959236,863021898.944217,2022-03-17 00:00:00,2022
18.7551,20515847616.429142,572900134.7396764,2022-03-18 00:00:00,2022
19.014,20852676356.84929,538421869.0531887,2022-03-19 00:00:00,2022
19.346,21161039415.237484,599135365.0360895,2022-03-20 00:00:00,2022
18.6458,20430937897.518433,489026278.92273843,2022-03-21 00:00:00,2022
18.7883,20555627493.357197,510297791.81672853,2022-03-22 00:00:00,2022
20.3658,22375580025.085613,858765012.0841838,2022-03-23 00:00:00,2022
20.9805,22917058256.87239,950162625.406149,2022-03-24 00:00:00,2022
21.2104,23287483814.445496,871015126.7953657,2022-03-25 00:00:00,2022
20.547,22536737974.604527,706999483.6571165,2022-03-26 00:00:00,2022
20.8739,22895536369.104588,424587521.0171155,2022-03-27 00:00:00,2022
22.3866,24508515096.40211,610987177.2090095,2022-03-28 00:00:00,2022
21.9145,24285077478.31352,1042448625.9844141,2022-03-29 00:00:00,2022
22.4036,24458395644.506012,982288122.1198189,2022-03-30 00:00:00,2022
22.512,24764137740.674706,926646920.3787513,2022-03-31 00:00:00,2022
21.3187,23348056183.67952,986419411.9764845,2022-04-01 00:00:00,2022
21.9968,24107462117.789444,958748664.9312756,2022-04-02 00:00:00,2022
22.6849,25068600693.179695,1196992957.9850526,2022-04-03 00:00:00,2022
23.1932,25454146154.2081,925170103.2173431,2022-04-04 00:00:00,2022
22.5604,24809702948.170696,924348637.4240115,2022-04-05 00:00:00,2022
21.843,24170810469.617382,780485513.9069963,2022-04-06 00:00:00,2022
19.897,21884023993.94301,967317926.5029364,2022-04-07 00:00:00,2022
20.4416,22592140089.39074,669734254.5340466,2022-04-08 00:00:00,2022
19.3676,21245308735.687393,624597827.4739991,2022-04-09 00:00:00,2022
19.7927,21776656313.102512,375847571.66456026,2022-04-10 00:00:00,2022
19.3315,21519585779.975433,458928408.4588878,2022-04-11 00:00:00,2022
17.1825,18983230927.236343,807966452.0830128,2022-04-12 00:00:00,2022
17.8175,19652345191.89618,610671782.2777971,2022-04-13 00:00:00,2022
18.2062,20085251304.51666,513878512.39558345,2022-04-14 00:00:00,2022
17.9545,19820298510.02851,531799292.7406566,2022-04-15 00:00:00,2022
18.3796,20276872295.4029,417489722.8127524,2022-04-16 00:00:00,2022
18.6605,20627331273.634712,338970682.95782435,2022-04-17 00:00:00,2022
17.7837,19583307840.980343,360271198.25218636,2022-04-18 00:00:00,2022
18.1788,20073661890.904236,565624303.9900763,2022-04-19 00:00:00,2022
18.8909,20866279144.09492,450524783.6556457,2022-04-20 00:00:00,2022
19.0885,21075560676.450333,681706472.1225206,2022-04-21 00:00:00,2022
18.1847,20078291029.149815,610473534.433647,2022-04-22 00:00:00,2022
18.3186,20274065116.599762,500418741.45423335,2022-04-23 00:00:00,2022
18.7413,20796207821.715855,501125213.424789,2022-04-24 00:00:00,2022
18.1607,20144224683.236816,431280288.52969056,2022-04-25 00:00:00,2022
18.1281,20042103389.29254,640029499.7165745,2022-04-26 00:00:00,2022
16.6107,18334870751.213654,608182597.014722,2022-04-27 00:00:00,2022
16.9383,18737295016.70675,466016977.0009809,2022-04-28 00:00:00,2022
16.983,18764543676.722324,469832988.98866826,2022-04-29 00:00:00,2022
16.1742,17863328168.972263,447859503.00437444,2022-04-30 00:00:00,2022
14.5699,16077408003.321634,533768189.4936618,2022-05-01 00:00:00,2022
15.4188,17115974747.519098,566782282.6168377,2022-05-02 00:00:00,2022
14.9928,16595396688.372225,538576541.4047321,2022-05-03 00:00:00,2022
14.7274,16336234645.316235,375587076.85691464,2022-05-04 00:00:00,2022
16.2924,18086809036.753685,604596716.3630756,2022-05-05 00:00:00,2022
14.5988,16139787079.44338,770366270.3320502,2022-05-06 00:00:00,2022
14.3557,15902171731.291216,666420063.0669165,2022-05-07 00:00:00,2022
13.8004,15342351275.278414,435899397.53231937,2022-05-08 00:00:00,2022
13.2294,14693132680.216925,587559187.9237889,2022-05-09 00:00:00,2022
10.8014,12052264545.716862,1221147645.002189,2022-05-10 00:00:00,2022
11.325,12523107067.912542,1373396700.0395489,2022-05-11 00:00:00,2022
8.9012,9740921015.694233,2052805582.575399,2022-05-12 00:00:00,2022
8.7693,9672794814.103233,1330860993.6132805,2022-05-13 00:00:00,2022
10.488,11547696159.158506,1485101669.9979768,2022-05-14 00:00:00,2022
11.3761,12731953528.881876,1032886423.6067917,2022-05-15 00:00:00,2022
11.8006,13088251956.97884,737142046.4429593,2022-05-16 00:00:00,2022
10.6617,11874243350.516064,679048385.0595918,2022-05-17 00:00:00,2022
11.0538,12319610110.939802,589327512.4078904,2022-05-18 00:00:00,2022
9.5172,10641628789.46398,664994046.9796052,2022-05-19 00:00:00,2022
10.0716,11217941457.897118,664760747.256002,2022-05-20 00:00:00,2022
9.6958,10809968711.678555,474118252.2812381,2022-05-21 00:00:00,2022
9.9969,11157329579.411272,281874137.5877274,2022-05-22 00:00:00,2022
10.1896,11373307300.649183,350967436.47877896,2022-05-23 00:00:00,2022
9.918,11069201694.498749,666619486.6452429,2022-05-24 00:00:00,2022
10.197,11362810071.348871,446644494.0847582,2022-05-25 00:00:00,2022
9.8554,11001255600.649736,401058791.2259247,2022-05-26 00:00:00,2022
9.1983,10282583415.737362,676496224.0061575,2022-05-27 00:00:00,2022
9.1387,10192458909.114304,895069085.2552017,2022-05-28 00:00:00,2022
9.6952,10862046854.90491,384380632.6241109,2022-05-29 00:00:00,2022
9.9862,11168390882.839823,362425595.7607218,2022-05-30 00:00:00,2022
10.4618,11690276218.36792,522596182.88481176,2022-05-31 00:00:00,2022
10.4483,11683748015.891912,537525366.9990507,2022-06-01 00:00:00,2022
9.4842,10621419565.291458,582914758.444155,2022-06-02 00:00:00,2022
9.8963,11094518595.936201,428346299.65681297,2022-06-03 00:00:00,2022
9.372,10450662464.77977,344577333.1850279,2022-06-04 00:00:00,2022
9.4363,10530959378.612339,229554477.1705427,2022-06-05 00:00:00,2022
9.3383,10483265818.921627,200116189.32318878,2022-06-06 00:00:00,2022
9.472,10627685062.193472,353038223.04368776,2022-06-07 00:00:00,2022
9.2453,10377514374.978031,360635212.5797018,2022-06-08 00:00:00,2022
9.0009,10092888732.36357,272545740.6317595,2022-06-09 00:00:00,2022
9.2244,10343193899.88632,303952508.1174619,2022-06-10 00:00:00,2022
8.6569,9702915948.225163,389959553.4516226,2022-06-11 00:00:00,2022
8.0078,8976559550.963488,380922783.0963164,2022-06-12 00:00:00,2022
7.45,8431247007.134336,458133743.8870508,2022-06-13 00:00:00,2022
7.0018,7774561604.468859,894612341.9765085,2022-06-14 00:00:00,2022
7.379,8291133948.242304,720864697.4473226,2022-06-15 00:00:00,2022
8.5167,9514898970.918207,914920363.8200166,2022-06-16 00:00:00,2022
7.1058,7956220111.036415,536050086.9674976,2022-06-17 00:00:00,2022
7.3255,8244703664.961858,358960490.8294395,2022-06-18 00:00:00,2022
7.068,7910999673.97284,478129359.6275283,2022-06-19 00:00:00,2022
7.5046,8418274234.958723,413627572.8865504,2022-06-20 00:00:00,2022
7.8946000000000005,8896278057.431814,409754603.9106185,2022-06-21 00:00:00,2022
7.7369,8703533941.397642,355538111.64542514,2022-06-22 00:00:00,2022
7.4196,8352025120.433854,337528816.3887432,2022-06-23 00:00:00,2022
7.8063,8765113684.228264,366090684.92139626,2022-06-24 00:00:00,2022
8.2157,9310880004.037724,425787143.6079469,2022-06-25 00:00:00,2022
8.1355,9146371513.872196,305775337.79692847,2022-06-26 00:00:00,2022
7.8619,8830347150.935154,252563578.61905572,2022-06-27 00:00:00,2022
7.7248,8715938811.850235,319318615.45482194,2022-06-28 00:00:00,2022
7.2951,8211808453.80647,402816957.71528274,2022-06-29 00:00:00,2022
7.0023,7889820786.128837,502776117.96970075,2022-06-30 00:00:00,2022
6.97,7768769566.469388,496017030.32697165,2022-07-01 00:00:00,2022
6.7898,7701931883.2126875,566020493.5375553,2022-07-02 00:00:00,2022
6.8272,7702459312.37924,311046060.2183726,2022-07-03 00:00:00,2022
6.8492,7729361697.777877,253032931.41663566,2022-07-04 00:00:00,2022
7.1692,8094267844.248962,382160091.17067796,2022-07-05 00:00:00,2022
6.8402,7725625501.466356,557284693.3615872,2022-07-06 00:00:00,2022
6.9326,7834963151.533634,428661695.32595325,2022-07-07 00:00:00,2022
7.3202,8267394078.282055,465486302.6211283,2022-07-08 00:00:00,2022
7.1387,8072722719.230238,502296515.55760515,2022-07-09 00:00:00,2022
7.2621,8217252048.741429,367312857.4197307,2022-07-10 00:00:00,2022
6.8536,7739133741.493705,389912956.6004521,2022-07-11 00:00:00,2022
6.5486,7409676236.8237095,290393929.6148746,2022-07-12 00:00:00,2022
6.2999,7195524647.3331585,274438888.38976103,2022-07-13 00:00:00,2022
6.4667,7315148414.477521,352705738.29318476,2022-07-14 00:00:00,2022
6.7219999999999995,7618273743.548126,307959821.08722556,2022-07-15 00:00:00,2022
6.8035,7696476702.795513,323795323.9091801,2022-07-16 00:00:00,2022
7.1807,8127524864.645293,337773085.79517287,2022-07-17 00:00:00,2022
6.9417,7882982690.455788,285755326.44660366,2022-07-18 00:00:00,2022
7.6635,8623146904.758888,577567571.1279551,2022-07-19 00:00:00,2022
7.8054,8830877481.74446,746242075.3136312,2022-07-20 00:00:00,2022
7.4947,8511024502.724661,591571953.7072768,2022-07-21 00:00:00,2022
7.5222999999999995,8536024949.0963,381438899.58744115,2022-07-22 00:00:00,2022
7.3053,8278054689.219274,409965947.3129851,2022-07-23 00:00:00,2022
7.3509,8328034192.180636,316796653.09030455,2022-07-24 00:00:00,2022
7.4182,8459820440.84062,334141235.42908055,2022-07-25 00:00:00,2022
6.8014,7794274433.176702,389825980.9307424,2022-07-26 00:00:00,2022
6.7615,7673308433.411879,355891139.67063516,2022-07-27 00:00:00,2022
7.5619,8500895624.267787,476702692.01840645,2022-07-28 00:00:00,2022
7.8568,8926076457.834269,731958391.0652231,2022-07-29 00:00:00,2022
8.2541,9493813839.320831,704624822.1397939,2022-07-30 00:00:00,2022
8.2232,9353641329.186054,652019084.5777812,2022-07-31 00:00:00,2022
8.6767,9891619918.315361,800855163.8112267,2022-08-01 00:00:00,2022
8.1826,9287964269.291164,637064108.3820356,2022-08-02 00:00:00,2022
7.9871,9112943029.573925,616047227.5401912,2022-08-03 00:00:00,2022
8.02,9104031869.777122,497363617.2538427,2022-08-04 00:00:00,2022
8.1059,9201056896.420918,370664603.7015763,2022-08-05 00:00:00,2022
8.7823,9973892090.0524,493509572.10535455,2022-08-06 00:00:00,2022
8.5358,9715932783.413113,359906898.4779536,2022-08-07 00:00:00,2022
8.6458,9848633511.008566,316791951.5772106,2022-08-08 00:00:00,2022
9.2938,10600715580.037605,680460985.7296546,2022-08-09 00:00:00,2022
8.9077,10124535855.600483,1793771726.8006394,2022-08-10 00:00:00,2022
9.4888,10784370405.833023,821049280.8519104,2022-08-11 00:00:00,2022
9.2019,10498493245.224518,666188098.0228884,2022-08-12 00:00:00,2022
9.4806,10800522855.660023,536717872.361275,2022-08-13 00:00:00,2022
9.3047,10607878198.480349,349277713.0658586,2022-08-14 00:00:00,2022
8.956,10239352122.824654,410218267.5534377,2022-08-15 00:00:00,2022
8.8119,10054037534.143883,443748608.91429573,2022-08-16 00:00:00,2022
8.8636,10091757471.36399,361783935.16488737,2022-08-17 00:00:00,2022
8.371,9573334762.97622,434704289.0953314,2022-08-18 00:00:00,2022
8.1042,9280116805.423048,321099596.183252,2022-08-19 00:00:00,2022
7.3362,8387928914.140771,468975086.58167636,2022-08-20 00:00:00,2022
7.235,8257720937.426555,325902403.56033987,2022-08-21 00:00:00,2022
7.4563,8539197111.170634,239159522.8705295,2022-08-22 00:00:00,2022
7.4022,8450196394.7235985,293458774.69653,2022-08-23 00:00:00,2022
7.6579,8747771938.814651,328997051.524054,2022-08-24 00:00:00,2022
7.5809999999999995,8681481222.76114,270013995.87179303,2022-08-25 00:00:00,2022
7.5944,8709104447.676794,233753956.12490514,2022-08-26 00:00:00,2022
6.9375,7910360418.702681,338509659.2806309,2022-08-27 00:00:00,2022
7.0628,8094454288.933932,264326212.12453198,2022-08-28 00:00:00,2022
6.8954,7904906863.210184,192071231.52542433,2022-08-29 00:00:00,2022
7.2901,8360169420.422865,278447038.21825695,2022-08-30 00:00:00,2022
6.9844,8053688426.145474,264676362.7892612,2022-08-31 00:00:00,2022
7.0193,8041149795.790877,239489891.2733127,2022-09-01 00:00:00,2022
7.1931,8244074802.016993,267990947.572671,2022-09-02 00:00:00,2022
7.302,8363690740.074321,349647674.49128175,2022-09-03 00:00:00,2022
7.2768,8358887669.340904,197241570.15928125,2022-09-04 00:00:00,2022
7.3746,8458100395.998685,215999275.7426145,2022-09-05 00:00:00,2022
7.3625,8448942576.525926,294534221.9765169,2022-09-06 00:00:00,2022
6.8926,7927675072.449328,395188284.97998774,2022-09-07 00:00:00,2022
7.2023,8281145104.426949,317512665.2320209,2022-09-08 00:00:00,2022
7.3954,8494892119.744665,336043666.79299015,2022-09-09 00:00:00,2022
7.7628,8930263758.923895,357445285.7066698,2022-09-10 00:00:00,2022
7.7945,8963321266.752571,273468652.7839261,2022-09-11 00:00:00,2022
7.6857,8842559955.013815,249226804.14856288,2022-09-12 00:00:00,2022
7.643,8794425064.494183,418330939.99678606,2022-09-13 00:00:00,2022
7.0851,8153896049.837282,423497658.6158054,2022-09-14 00:00:00,2022
7.2138,8287223105.581056,288042764.5222527,2022-09-15 00:00:00,2022
6.926,7986527235.292601,331917684.92857593,2022-09-16 00:00:00,2022
6.8852,7930762988.751271,281326251.4442499,2022-09-17 00:00:00,2022
7.062,8133724043.01097,200117947.7609119,2022-09-18 00:00:00,2022
6.4513,7444358864.841,304668233.4065653,2022-09-19 00:00:00,2022
6.4001,7395756926.515954,374381504.5999829,2022-09-20 00:00:00,2022
6.2736,7234401006.965719,249671892.20249358,2022-09-21 00:00:00,2022
6.1551,7090934908.920663,378987568.43804663,2022-09-22 00:00:00,2022
6.4592,7443065137.032053,261158472.98531902,2022-09-23 00:00:00,2022
6.4387,7456703132.509926,338069357.26604915,2022-09-24 00:00:00,2022
6.2792,7251574448.160442,204567906.99327344,2022-09-25 00:00:00,2022
6.209,7159920013.085959,189022810.3120595,2022-09-26 00:00:00,2022
6.5373,7540850498.713729,373281606.89103955,2022-09-27 00:00:00,2022
6.3859,7385624069.108253,320786055.5385544,2022-09-28 00:00:00,2022
6.4022,7403608529.936789,252245048.66838986,2022-09-29 00:00:00,2022
6.4244,7428715004.611359,248460354.27300838,2022-09-30 00:00:00,2022
6.3189,7310803464.732821,310145298.629885,2022-10-01 00:00:00,2022
6.2702,7252843118.61635,171677814.68415865,2022-10-02 00:00:00,2022
6.175,7166319648.00176,192661765.0237451,2022-10-03 00:00:00,2022
6.3821,7390559332.246163,222801270.31950393,2022-10-04 00:00:00,2022
6.4956,7531801921.44372,199914235.40467995,2022-10-05 00:00:00,2022
6.4342,7453510738.65797,194188039.11389047,2022-10-06 00:00:00,2022
6.3352,7342580757.52559,199865910.5473672,2022-10-07 00:00:00,2022
6.303,7296315268.650179,184577625.44787857,2022-10-08 00:00:00,2022
6.3072,7309051485.728786,126797316.37634787,2022-10-09 00:00:00,2022
6.4742,7491730312.181772,162194352.24792752,2022-10-10 00:00:00,2022
6.2614,7274219535.160056,196475554.4770108,2022-10-11 00:00:00,2022
6.1784,7161888672.234232,179637147.53118715,2022-10-12 00:00:00,2022
6.1703,7157412350.284423,143942887.81035906,2022-10-13 00:00:00,2022
6.1181,7114842219.699822,326897884.2909971,2022-10-14 00:00:00,2022
6.0483,7009033707.780369,200870897.61336842,2022-10-15 00:00:00,2022
6.0538,7037781206.478399,128879776.90124626,2022-10-16 00:00:00,2022
6.1879,7180379823.719873,154968669.6137633,2022-10-17 00:00:00,2022
6.2619,7273858475.315711,181727224.5362455,2022-10-18 00:00:00,2022
6.1598,7166066151.390535,197244682.70468947,2022-10-19 00:00:00,2022
6.1002,7106619182.888053,235306968.93755448,2022-10-20 00:00:00,2022
5.8792,6835261335.235466,251460220.00984746,2022-10-21 00:00:00,2022
5.8313,6784441834.768565,335658828.31249356,2022-10-22 00:00:00,2022
5.8497,6805293108.55777,226793996.6026821,2022-10-23 00:00:00,2022
5.9594000000000005,6924787993.258908,225723711.88938487,2022-10-24 00:00:00,2022
5.9082,6878576580.041779,247486445.18301448,2022-10-25 00:00:00,2022
6.4487,7511228760.251265,424831161.077615,2022-10-26 00:00:00,2022
6.4726,7532505304.806425,314755284.2109196,2022-10-27 00:00:00,2022
6.3414,7395895635.919502,307410462.9211887,2022-10-28 00:00:00,2022
6.5201,7600020160.998655,270925964.7311389,2022-10-29 00:00:00,2022
6.6286000000000005,7721226925.995076,329448106.51637316,2022-10-30 00:00:00,2022
6.6469000000000005,7738753670.074439,247616521.25816256,2022-10-31 00:00:00,2022
6.6298,7737917244.89008,374068126.8039857,2022-11-01 00:00:00,2022
6.4709,7552494492.212819,323537949.2378855,2022-11-02 00:00:00,2022
6.2481,7292225645.392948,447817125.95940685,2022-11-03 00:00:00,2022
6.421,7497048063.387318,400845031.4002077,2022-11-04 00:00:00,2022
7.0707,8273263731.217569,596760256.7645359,2022-11-05 00:00:00,2022
7.0199,8216821124.383448,524853725.39645594,2022-11-06 00:00:00,2022
6.8192,7966513124.6598425,386646382.141361,2022-11-07 00:00:00,2022
7.1194,8316417040.695849,580552457.0833167,2022-11-08 00:00:00,2022
6.3058,7404280923.670162,879258826.5510267,2022-11-09 00:00:00,2022
5.3879,6303598459.159675,803851322.3157233,2022-11-10 00:00:00,2022
5.9598,6961553364.684112,604308002.6599672,2022-11-11 00:00:00,2022
5.7780000000000005,6726484884.002696,408619625.7361751,2022-11-12 00:00:00,2022
5.7741,6746201815.205456,218809784.92624253,2022-11-13 00:00:00,2022
5.7516,6704558947.326855,242972818.65175647,2022-11-14 00:00:00,2022
5.8625,6876430506.280473,276137142.5529776,2022-11-15 00:00:00,2022
5.9249,6940011819.542353,165930249.8254998,2022-11-16 00:00:00,2022
5.7227,6687686885.227982,167588762.1354588,2022-11-17 00:00:00,2022
5.681,6651305250.237583,152595562.8398643,2022-11-18 00:00:00,2022
5.6459,6613047607.886468,134814487.54958668,2022-11-19 00:00:00,2022
5.6075,6575422956.353078,108869520.2521429,2022-11-20 00:00:00,2022
5.2997,6221134508.195583,185142127.93378395,2022-11-21 00:00:00,2022
5.1997,6104721832.339722,264092333.70384037,2022-11-22 00:00:00,2022
5.273,6201634999.630893,256645938.64162102,2022-11-23 00:00:00,2022
5.4432,6396647767.929542,217511018.5492946,2022-11-24 00:00:00,2022
5.389,6333228095.393261,204620001.16541916,2022-11-25 00:00:00,2022
5.275,6198914851.987527,153951955.45882332,2022-11-26 00:00:00,2022
5.3024000000000004,6228037334.711208,156187905.47392622,2022-11-27 00:00:00,2022
5.3034,6241962286.791979,130401784.35975881,2022-11-28 00:00:00,2022
5.1337,6033193288.246444,216249541.85636505,2022-11-29 00:00:00,2022
5.3129,6246844054.861227,189434131.77291316,2022-11-30 00:00:00,2022
5.478,6452545832.803522,208688881.1775829,2022-12-01 00:00:00,2022
5.4005,6348286057.274435,170156526.9358665,2022-12-02 00:00:00,2022
5.6481,6629238961.077899,272015565.00928223,2022-12-03 00:00:00,2022
5.5049,6487702630.751659,202182789.64498514,2022-12-04 00:00:00,2022
5.606,6594644265.094774,121770683.53406751,2022-12-05 00:00:00,2022
5.4921,6475634330.892691,151358305.2837018,2022-12-06 00:00:00,2022
5.5046,6483610549.768277,121211429.78312105,2022-12-07 00:00:00,2022
5.3033,6257950190.524466,188037304.45463148,2022-12-08 00:00:00,2022
5.4318,6408974488.68709,161041105.39451358,2022-12-09 00:00:00,2022
5.3031,6259197967.658567,131449171.82848728,2022-12-10 00:00:00,2022
5.2722,6220075302.7999935,86014999.73841877,2022-12-11 00:00:00,2022
5.1688,6100067426.108336,108949492.5630753,2022-12-12 00:00:00,2022
5.1674,6104088871.110464,161861179.00586328,2022-12-13 00:00:00,2022
5.2801,6243076183.817809,206252780.21096718,2022-12-14 00:00:00,2022
5.2186,6168725589.664655,244712787.11427885,2022-12-15 00:00:00,2022
5.2149,6177909728.993104,208210052.3480659,2022-12-16 00:00:00,2022
4.6467,5474079704.445132,275779636.79321325,2022-12-17 00:00:00,2022
4.7158,5579152130.505003,221174551.06017926,2022-12-18 00:00:00,2022
4.6634,5532952269.818865,98713106.32340653,2022-12-19 00:00:00,2022
4.4733,5301793527.306867,161782937.52207825,2022-12-20 00:00:00,2022
4.6146,5461966902.033066,130494169.19677942,2022-12-21 00:00:00,2022
4.48,5298824496.402215,117104381.78747611,2022-12-22 00:00:00,2022
4.529,5345186586.575271,124180162.84817378,2022-12-23 00:00:00,2022
4.4737,5298524422.118842,111770045.98798555,2022-12-24 00:00:00,2022
4.454,5277812531.088768,43500721.6204672,2022-12-25 00:00:00,2022
4.4936,5324806627.552072,81185178.21587074,2022-12-26 00:00:00,2022
4.5703,5415095156.281545,100119861.00260232,2022-12-27 00:00:00,2022
4.4784,5306983821.991009,118374595.34020732,2022-12-28 00:00:00,2022
4.2808,5078940183.834696,178846918.98344705,2022-12-29 00:00:00,2022
4.3078,5114437299.478905,106214112.0526113,2022-12-30 00:00:00,2022
4.3242,5133550358.879966,99019186.51600516,2022-12-31 00:00:00,2022
4.3133,5124272924.061023,81868230.06299889,2023-01-01 00:00:00,2023
4.3704,5189797451.493689,83080057.51345398,2023-01-02 00:00:00,2023
4.4888,5333559989.932448,118418546.00088559,2023-01-03 00:00:00,2023
4.5276,5374172553.766793,98616165.59990907,2023-01-04 00:00:00,2023
4.6326,5501400960.100924,128601420.39664847,2023-01-05 00:00:00,2023
4.6184,5486559228.853257,110202869.37893058,2023-01-06 00:00:00,2023
4.6875,5575400373.862744,120116807.84029973,2023-01-07 00:00:00,2023
4.6679,5544971196.399066,75278982.0966008,2023-01-08 00:00:00,2023
4.7817,5678600122.934231,118428756.66407454,2023-01-09 00:00:00,2023
4.8895,5822967240.545416,258706966.0211436,2023-01-10 00:00:00,2023
4.9157,5844614796.573698,142944072.97941983,2023-01-11 00:00:00,2023
5.1335,6104959456.841534,176549390.7267576,2023-01-12 00:00:00,2023
5.2279,6225980707.135592,246272551.56941697,2023-01-13 00:00:00,2023
5.4041,6418896549.379607,228790043.3560822,2023-01-14 00:00:00,2023
6.0282,7185441825.556078,782687495.7213826,2023-01-15 00:00:00,2023
5.9344,7048844533.072695,343689205.9871965,2023-01-16 00:00:00,2023
5.8100000000000005,6914982508.280345,366947917.8205463,2023-01-17 00:00:00,2023
5.9634,7098249474.233347,396046272.97196877,2023-01-18 00:00:00,2023
5.6553,6726902475.495878,441232057.6899503,2023-01-19 00:00:00,2023
5.8014,6924736793.838175,187140445.4390963,2023-01-20 00:00:00,2023
6.2547,7461520990.843851,260476431.48039794,2023-01-21 00:00:00,2023
6.2462,7452411001.806236,355405212.3929102,2023-01-22 00:00:00,2023
6.2122,7418382148.705477,249458571.46704164,2023-01-23 00:00:00,2023
6.5893,7863091567.413891,434790321.16012686,2023-01-24 00:00:00,2023
6.1863,7395228277.021116,305760411.89162666,2023-01-25 00:00:00,2023
6.4212,7659051015.469998,359305707.4725925,2023-01-26 00:00:00,2023
6.4684,7747735674.283517,326216001.75108075,2023-01-27 00:00:00,2023
6.5699000000000005,7856739950.604887,265474456.73399788,2023-01-28 00:00:00,2023
6.3891,7640327631.38938,208329337.7263006,2023-01-29 00:00:00,2023
6.6211,7922259197.054451,254655935.21533224,2023-01-30 00:00:00,2023
6.1955,7410872880.314612,275635411.8871149,2023-01-31 00:00:00,2023
6.2697,7502144503.192972,217928928.73929405,2023-02-01 00:00:00,2023
6.4709,7749019076.1355095,297339779.98897237,2023-02-02 00:00:00,2023
6.556,7861116315.319404,417508226.7340164,2023-02-03 00:00:00,2023
7.0127,8414262771.289161,490617061.78249687,2023-02-04 00:00:00,2023
6.896,8273869515.110414,238800804.9298765,2023-02-05 00:00:00,2023
6.6418,7973598038.54855,270982774.7282343,2023-02-06 00:00:00,2023
6.4973,7779070314.796459,245142517.19205156,2023-02-07 00:00:00,2023
6.9481,8333990416.91506,295243777.23315567,2023-02-08 00:00:00,2023
6.7568,8110178949.590388,247375557.407144,2023-02-09 00:00:00,2023
6.2298,7477194018.495944,529810448.85853124,2023-02-10 00:00:00,2023
6.1889,7442362927.451278,301637805.19501954,2023-02-11 00:00:00,2023
6.2837,7543346315.064424,143068442.52349454,2023-02-12 00:00:00,2023
6.1641,7416773395.914189,178158552.53923786,2023-02-13 00:00:00,2023
6.1186,7352408834.2737,335928393.66483676,2023-02-14 00:00:00,2023
6.2344,7496941327.303583,278124947.47988665,2023-02-15 00:00:00,2023
6.6094,7945712271.908503,335324467.09394306,2023-02-16 00:00:00,2023
6.3886,7658563981.686901,401487886.9816844,2023-02-17 00:00:00,2023
7.2971,8780715046.827116,816508568.9527842,2023-02-18 00:00:00,2023
7.2476,8724929154.706154,471016202.0785851,2023-02-19 00:00:00,2023
7.4394,8991538134.236885,790399403.6852473,2023-02-20 00:00:00,2023
7.5272,9059900211.471052,517830090.897999,2023-02-21 00:00:00,2023
7.2503,8725074263.862608,424382923.07921475,2023-02-22 00:00:00,2023
7.1703,8656728943.641329,445050807.2896644,2023-02-23 00:00:00,2023
7.0915,8528870605.745284,375652835.7517494,2023-02-24 00:00:00,2023
6.6142,7975206269.458946,406675008.98326564,2023-02-25 00:00:00,2023
6.5384,7879063917.589614,273278804.46663,2023-02-26 00:00:00,2023
6.6843,8070006130.15561,259252796.1740206,2023-02-27 00:00:00,2023
6.5826,7952520453.615793,288525491.12878805,2023-02-28 00:00:00,2023
6.3476,7652424036.270056,265521916.8877683,2023-03-01 00:00:00,2023
6.5304,7881933855.700314,275326716.41447943,2023-03-02 00:00:00,2023
6.3232,7639140586.219113,237639733.7391961,2023-03-03 00:00:00,2023
6.0347,7290395652.243021,307950873.03640676,2023-03-04 00:00:00,2023
5.9121,7141278386.960345,187234194.30865684,2023-03-05 00:00:00,2023
5.9896,7221755522.737399,180881874.03344986,2023-03-06 00:00:00,2023
5.9234,7154139434.735579,198293306.59054276,2023-03-07 00:00:00,2023
5.8606,7065034655.987277,256896325.0438712,2023-03-08 00:00:00,2023
5.6042000000000005,6783974361.35875,325705157.038676,2023-03-09 00:00:00,2023
5.3838,6492221339.424328,322122608.31763804,2023-03-10 00:00:00,2023
5.5579,6741885994.95932,398823095.5557338,2023-03-11 00:00:00,2023
5.4739,6608022342.119235,319352907.62515956,2023-03-12 00:00:00,2023
5.91,7123017236.499321,293974688.8693106,2023-03-13 00:00:00,2023
6.1041,7401937660.952844,430322351.51094365,2023-03-14 00:00:00,2023
6.2409,7571159433.171571,426347359.0654485,2023-03-15 00:00:00,2023
5.8932,7141510095.537369,396831002.7460806,2023-03-16 00:00:00,2023
6.1304,7439207053.003964,270083592.87212455,2023-03-17 00:00:00,2023
6.6435,8021960013.1672,349175461.31906897,2023-03-18 00:00:00,2023
6.3508,7700962300.739078,325589655.7783797,2023-03-19 00:00:00,2023
6.5086,7931605244.124213,263101166.38878074,2023-03-20 00:00:00,2023
6.1201,7450586725.902299,272209445.39314884,2023-03-21 00:00:00,2023
6.4068,7772318411.3758,224997518.4386857,2023-03-22 00:00:00,2023
6.0942,7396098382.400391,292943935.7844627,2023-03-23 00:00:00,2023
6.3515,7703989762.115649,183653212.18641487,2023-03-24 00:00:00,2023
6.0243,7365301138.477666,208117030.97280684,2023-03-25 00:00:00,2023
5.9439,7220374796.394252,141765532.24290985,2023-03-26 00:00:00,2023
6.0535,7387058765.428269,132449722.86287573,2023-03-27 00:00:00,2023
5.8828,7146342407.622332,165318894.15237087,2023-03-28 00:00:00,2023
6.0698,7383642654.515058,153874807.953227,2023-03-29 00:00:00,2023
6.1869,7522732303.452091,187654032.13473487,2023-03-30 00:00:00,2023
6.1219,7444748644.317304,197809653.58875155,2023-03-31 00:00:00,2023
6.3449,7727847982.814717,220876667.556675,2023-04-01 00:00:00,2023
6.3497,7731363330.22935,150087142.66423145,2023-04-02 00:00:00,2023
6.2743,7641386574.804739,165981691.06121218,2023-04-03 00:00:00,2023
6.4258,7823458413.487148,250934390.80967146,2023-04-04 00:00:00,2023
6.4397,7843403288.734628,228779710.01745048,2023-04-05 00:00:00,2023
6.4053,7817274516.518067,191646245.2648846,2023-04-06 00:00:00,2023
6.2785,7657366272.615343,165932757.86882693,2023-04-07 00:00:00,2023
6.1869,7546011941.215961,162303820.72659385,2023-04-08 00:00:00,2023
6.1363,7493348826.317786,131916467.42051286,2023-04-09 00:00:00,2023
6.2138,7585959979.016828,145695437.94792384,2023-04-10 00:00:00,2023
6.288,7678397456.557879,157115505.87741607,2023-04-11 00:00:00,2023
6.4273,7847129342.169121,212206406.7214694,2023-04-12 00:00:00,2023
6.4093,7830662352.098901,222772320.5773293,2023-04-13 00:00:00,2023
6.6449,8125660233.428235,204632452.95533252,2023-04-14 00:00:00,2023
6.7321,8229505281.449617,283263717.3895486,2023-04-15 00:00:00,2023
6.8055,8328054056.264707,191633213.10291263,2023-04-16 00:00:00,2023
6.8256,8337320667.595355,191364307.99952257,2023-04-17 00:00:00,2023
6.7002,8182296977.24243,223489561.91374186,2023-04-18 00:00:00,2023
6.9193999999999996,8468999208.60514,241327263.9727992,2023-04-19 00:00:00,2023
6.3105,7726090601.68143,304362268.38184124,2023-04-20 00:00:00,2023
6.1074,7472350670.195494,246649681.5235294,2023-04-21 00:00:00,2023
5.8521,7155855076.124115,216476239.6364232,2023-04-22 00:00:00,2023
5.9587,7292666127.714577,117290788.70863463,2023-04-23 00:00:00,2023
5.9241,7243220355.575814,130092033.82752354,2023-04-24 00:00:00,2023
5.8889,7210898432.939273,154360733.29922673,2023-04-25 00:00:00,2023
6.0098,7355188923.128216,147991878.34889048,2023-04-26 00:00:00,2023
5.8461,7161641711.498215,264915327.13300398,2023-04-27 00:00:00,2023
5.9749,7320486092.572454,186747228.4344532,2023-04-28 00:00:00,2023
5.9477,7298739318.779796,155980353.2516568,2023-04-29 00:00:00,2023
6.0339,7407756843.436067,119565163.53531247,2023-04-30 00:00:00,2023
5.9133,7260991514.521792,126929660.51719077,2023-05-01 00:00:00,2023
5.6718,6962447943.899826,144500093.6719824,2023-05-02 00:00:00,2023
5.7179,7022173071.442521,106941680.34107219,2023-05-03 00:00:00,2023
5.7752,7095348281.829583,131755396.32880166,2023-05-04 00:00:00,2023
5.6686,6967803848.607421,101013051.50719701,2023-05-05 00:00:00,2023
5.8495,7192813780.916603,156382785.9796453,2023-05-06 00:00:00,2023
5.6505,6942712515.551953,133385483.12114167,2023-05-07 00:00:00,2023
5.6553,6946473944.085941,96756910.32273306,2023-05-08 00:00:00,2023
5.3747,6612416991.922427,209588586.96745554,2023-05-09 00:00:00,2023
5.3229,6555237355.919554,128633537.14862952,2023-05-10 00:00:00,2023
5.4755,6740923466.277253,183961207.17227077,2023-05-11 00:00:00,2023
5.2859,6508587547.621296,143209793.60961038,2023-05-12 00:00:00,2023
5.3493,6592082194.022329,131408404.88970979,2023-05-13 00:00:00,2023
5.3518,6613225094.531797,82899032.60315505,2023-05-14 00:00:00,2023
5.3499,6595093847.583115,79532459.04158828,2023-05-15 00:00:00,2023
5.3277,6572863586.501249,109157885.16754459,2023-05-16 00:00:00,2023
5.299,6540611307.189871,98890906.85055073,2023-05-17 00:00:00,2023
5.4121,6674879022.545034,114012097.76915546,2023-05-18 00:00:00,2023
5.3397,6597019426.461229,114165285.2461804,2023-05-19 00:00:00,2023
5.3696,6631963805.393506,99454893.8319307,2023-05-20 00:00:00,2023
5.4076,6674722770.974614,82384849.31141508,2023-05-21 00:00:00,2023
5.2713,6514543949.599768,81457305.93183246,2023-05-22 00:00:00,2023
5.3146,6564967224.117241,91546069.68166544,2023-05-23 00:00:00,2023
5.4024,6672798619.091968,94056469.49754092,2023-05-24 00:00:00,2023
5.2623,6511227845.906241,105394189.1213902,2023-05-25 00:00:00,2023
5.24,6475200642.768937,109024202.25390644,2023-05-26 00:00:00,2023
5.2476,6486691821.632737,96931071.17412083,2023-05-27 00:00:00,2023
5.3349,6596527657.495327,90138422.141345,2023-05-28 00:00:00,2023
5.5123,6835221562.86246,98777965.30271122,2023-05-29 00:00:00,2023
5.459,6755550918.582554,99648448.09749193,2023-05-30 00:00:00,2023
5.4434000000000005,6740284018.000778,106801123.36949877,2023-05-31 00:00:00,2023
5.3198,6584630091.523257,115447803.0185303,2023-06-01 00:00:00,2023
5.2108,6452671672.05532,110045206.21305749,2023-06-02 00:00:00,2023
5.2786,6541182868.270858,121990756.46299705,2023-06-03 00:00:00,2023
5.3272,6592545948.955,72117305.84594712,2023-06-04 00:00:00,2023
5.3267,6599459524.420096,91948906.34262203,2023-06-05 00:00:00,2023
5.078,6301773078.416282,185982277.04800695,2023-06-06 00:00:00,2023
5.2061,6453259978.017477,128394216.6088764,2023-06-07 00:00:00,2023
5.0213,6229266860.507048,122563303.89358509,2023-06-08 00:00:00,2023
5.0249,6237398804.988878,103608897.38191883,2023-06-09 00:00:00,2023
4.9772,6170314775.654283,94189595.36406255,2023-06-10 00:00:00,2023
4.5258,5621858588.221082,321352964.9069129,2023-06-11 00:00:00,2023
4.5189,5605160890.324238,117996197.1543621,2023-06-12 00:00:00,2023
4.5326,5629603118.429002,118502108.14526387,2023-06-13 00:00:00,2023
4.6163,5733442994.647317,117193241.41057375,2023-06-14 00:00:00,2023
4.5698,5676495318.038254,135280084.4763831,2023-06-15 00:00:00,2023
4.3691,5429227760.935317,202589996.85418543,2023-06-16 00:00:00,2023
4.4161,5492960793.288925,115437269.51576252,2023-06-17 00:00:00,2023
4.5202,5624221980.781707,96558381.40212828,2023-06-18 00:00:00,2023
4.5264,5635105538.564865,98854001.78337964,2023-06-19 00:00:00,2023
4.518,5624565132.018068,84703876.56671043,2023-06-20 00:00:00,2023
4.6653,5811422370.51463,111587203.72393355,2023-06-21 00:00:00,2023
4.8344000000000005,6024578038.397528,148425882.51265642,2023-06-22 00:00:00,2023
4.8317,6022105995.910259,150850171.24950275,2023-06-23 00:00:00,2023
5.1011,6350589383.462762,146952893.02879494,2023-06-24 00:00:00,2023
5.0053,6236801107.212712,104184225.10207608,2023-06-25 00:00:00,2023
5.1907,6470503762.709948,137390688.7768003,2023-06-26 00:00:00,2023
5.0238,6251306546.966815,147711164.3989128,2023-06-27 00:00:00,2023
5.0938,6353494858.600434,96190035.10012102,2023-06-28 00:00:00,2023
4.8762,6094244525.578097,114763586.96618988,2023-06-29 00:00:00,2023
4.9922,6237577866.714234,141314123.73589414,2023-06-30 00:00:00,2023
5.1679,6452308276.104207,193230503.1259263,2023-07-01 00:00:00,2023
5.346,6670017967.948131,153588050.37699974,2023-07-02 00:00:00,2023
5.4932,6859107259.827371,147655963.72481155,2023-07-03 00:00:00,2023
5.4146,6761150669.211054,145432789.82141417,2023-07-04 00:00:00,2023
5.3487,6700890887.537659,133070579.87489633,2023-07-05 00:00:00,2023
5.2048,6514076243.677027,118391245.38999091,2023-07-06 00:00:00,2023
5.0306,6303470035.720804,124043765.55267867,2023-07-07 00:00:00,2023
5.1126,6391628950.862031,95009677.7182787,2023-07-08 00:00:00,2023
5.1229,6408167672.937634,72714950.81698301,2023-07-09 00:00:00,2023
5.0758,6351190038.393827,71715514.60686196,2023-07-10 00:00:00,2023
5.1294,6414553200.2227545,110444266.31879832,2023-07-11 00:00:00,2023
5.2128,6528711738.080088,80068603.11954178,2023-07-12 00:00:00,2023
5.1492,6454368180.046069,113547603.6906676,2023-07-13 00:00:00,2023
5.5419,6943185837.551099,217008394.27342004,2023-07-14 00:00:00,2023
5.4477,6819391767.531546,252537149.07311505,2023-07-15 00:00:00,2023
5.4308,6808585227.279845,129213066.30878899,2023-07-16 00:00:00,2023
5.3094,6648376592.109853,119366265.11818516,2023-07-17 00:00:00,2023
5.3021,6643963692.839696,150222179.89092803,2023-07-18 00:00:00,2023
5.1766,6491467991.320275,145147298.46003246,2023-07-19 00:00:00,2023
5.1985,6517886954.977203,108247539.12471852,2023-07-20 00:00:00,2023
5.3486,6717602321.062964,161300191.2539338,2023-07-21 00:00:00,2023
5.486,6889428161.133605,204543768.65572298,2023-07-22 00:00:00,2023
5.2959,6657706824.253902,114563817.47302139,2023-07-23 00:00:00,2023
5.3973,6782851315.339273,114167531.63126932,2023-07-24 00:00:00,2023
5.2193,6555793802.014324,149634701.3595437,2023-07-25 00:00:00,2023
5.1753,6505784857.444409,98093984.69874279,2023-07-26 00:00:00,2023
5.2386,6584573610.440049,104852028.4988799,2023-07-27 00:00:00,2023
5.2324,6577510972.280995,99193883.90922275,2023-07-28 00:00:00,2023
5.2167,6563883639.196771,97485867.22704053,2023-07-29 00:00:00,2023
5.2527,6609827390.625297,65266367.59393854,2023-07-30 00:00:00,2023
5.188,6529870403.814387,99330853.83396041,2023-07-31 00:00:00,2023
5.1115,6436555543.5657425,110824749.86409132,2023-08-01 00:00:00,2023
5.1899,6524451299.641124,129075193.0824161,2023-08-02 00:00:00,2023
5.0541,6370563643.926555,111185563.6458067,2023-08-03 00:00:00,2023
4.9775,6281253331.198318,114291805.9953621,2023-08-04 00:00:00,2023
4.9905,6284953169.152416,98942186.85919341,2023-08-05 00:00:00,2023
4.9683,6262792120.884622,68683582.45623447,2023-08-06 00:00:00,2023
4.9941,6295623535.702088,79891258.27189204,2023-08-07 00:00:00,2023
4.9573,6253953383.825239,109611030.68091844,2023-08-08 00:00:00,2023
5.0619,6389120306.755551,100599117.0332589,2023-08-09 00:00:00,2023
5.0582,6384008719.280745,95166652.97150825,2023-08-10 00:00:00,2023
4.9994,6312382581.606862,83701857.08704504,2023-08-11 00:00:00,2023
5.0029,6318115852.788173,75181271.81413424,2023-08-12 00:00:00,2023
5.0324,6359269697.0508,61479144.18305038,2023-08-13 00:00:00,2023
4.9848,6297004550.929658,75864330.93285987,2023-08-14 00:00:00,2023
4.9863,6307074087.296951,91579872.70949876,2023-08-15 00:00:00,2023
4.9561,6264718517.979353,80254624.45110105,2023-08-15 15:55:27,2023
